團,團員馬爾汀,團長戈登
纯,纯一郎
血,血腥图片,血逼
圓,圓滿
圖,圖書管理員卡特
银,银民吧
销,销魂洞
簡,簡肇棟
國,國家安全,國家機密,國軍,國賊
歌,歌功頌德
媚,媚药少年
妳,妳老母的,妳娘的,妳妈的,妳马的
瘟,瘟家宝
圆,圆满
媒,媒体公民行动网
街,街头对抗,街头扒衣
信,信报财经新闻,信用危機,信报月刊,信徒
死,死全家,死gm,死gd,死GD,死GM
麦,麦角酸
地,地下教會,地藏
学,学生妹,学运,学潮
跳,跳大神
媽,媽批,媽比,媽B
掄,掄功
圮,圮綦
武,武藤
圣,圣泉学淫,圣女峰,圣战
麻,麻醉乙醚,麻醉钢枪,麻醉药,麻醉枪
瘸,瘸腿帮,瘸腿幫
正,正義黨論壇,正見網
賣,賣淫,賣國,賣逼,賣騷,賣比
亂,亂輪,亂倫,亂交
动,动漫色图,动向杂志
助,助手威爾特
賤,賤逼,賤比,賤種,賤貨,賤bi,賤B
聯,聯總
争,争鸣杂志
事,事實獨立
加,加拿大国际广播电台
二,二乙基酰胺发抡,二穴中出,二屄,二B
賬,賬號
于,于幼軍
P,PEACEHALL,PLAYBOY,PAPER64,PENIS,PUSSY
互,互舔淫穴,互淫
鄧,鄧笑貧
五,五星红旗
賴,賴士葆
农,农业电子报
亚,亚洲情色网,亚洲有码,亚洲淫娃,亚历山大,亚洲性虐,亚洲周刊,亚洲色
换,换妻大会,换妻杂交,换妻
窃,窃听器材,窃听器
突,突尼斯
賀,賀國强,賀龍
庭,庭院警衛兵
劉,劉國凱,劉賓深,劉曉波,劉士賢,劉曉竹,劉千石,劉賓雁,劉凱中,劉華清,劉文勝,劉永川,劉文雄,劉俊國,劉山青,劉青,劉剛
产,产权局
骡,骡干
賊,賊民
聂,聂荣臻
保,保密局,保监会,保钓,保釣
梦,梦遗
亮,亮穴,亮屄
隐,隐窝窝
p,pengdehuai,pengliyuan,peacehall,petgirl,playboy,paper64,pujing,pussy,penis,porn
办,办理证件,办理文凭
纽,纽约时报
則,則民
人,人民之聲論壇,人民內情真相,人民大会堂,人民大會堂,人妻做爱,人体摄影,人妻交换,人大代表,人民日报,人性本色,人妻自拍,人间福报,人妻榨乳,人民真實,人体炸弹,人妻熟女,人妻色诱,人民报,人民報,人代会,人權,人大,人屠,人弹
联,联合国大会,联合新闻网,联易互动,联合早报,联合新闻,联合报,联合国,联大,联易
聖,聖射手,聖戰
强,强效失意药,强奸处女,强硬发言,强制浣肠,强暴幼女,强奸犯,强卫
现,现代情色小说
魅,魅惑巨乳
推,推女郎
洗,洗肠射尿,洗脑班
捏,捏你鶏巴,捏弄
根,根正苗红
薄,薄熙来,薄一波,薄码
張,張伯笠,張昭富,張偉國,張溫鷹,張志清,張博雅,張清芳,張健,張林,張鋼
鴿,鴿派
薛,薛偉
爭,爭鳴論壇
醬,醬猪媳
露,露阴照,露屄,露逼,露穴,露毛,露B
张,张小平,张朝阳,张立昌,张高丽,张春桥,张潮阳,张德江,张筱雨,张磊
玩,玩逼,玩穴
憂,憂鬱的艾拉
建,建國黨
薩,薩達姆
冈,冈村宁次,冈村秀树
纵,纵览中国
玛,玛雅网
活,活摘
异,异型叛軍,异議人士,异見人士
王,王超華,王八蛋,王輔臣,王立军,王兆國,王秀麗,王洪文,王岐山,王世堅,王潤生,王樂泉,王乐泉,王滬寧,王世勛,王宝森,王涵萬,王兆国,王軍濤,王寶森,王太华,王丹,王刚,王昊,王震,王剛
开,开放杂志,开放网
玉,玉蒲团玉女心经,玉杵,玉乳,玉穴
俏,俏臀摄魄
欧,欧美无套,欧美大乳
K,KISSMYASS,K他命,KEFU,K粉,Kefu,KeFu
士,士兵管理員瓦爾臣
政,政治反对派,政治反對派,政治犯,政權,政府,政变
放,放荡少妇宾馆,放荡熟女,放荡少妇,放尿,放蕩
柔,柔阴术
灌,灌满精液
錦,錦濤
壹,壹周刊(台湾),壹周刊,壹电视
麥,麥克斯
混,混亂的圖騰,混 沌决
蘇,蘇特勤護衛兵,蘇特勤魔法師,蘇特勒守護兵,蘇盈貴,蘇紹智,蘇菲爾,蘇貞昌,蘇南成,蘇曉康,蘇特勤,蘇拉
啊,啊無卵
k,kasiteluo,kelindun,ko180,k粉,kefu
柯,柯建銘,柯賜海
邓,邓小平
释,释迦牟尼,释欲
柴,柴玲
灭,灭族
蘚,蘚鮑
起,起义
龍,龍火之心,龍虎豹
摩,摩门教,摩洛客
流,流蜜汁,流淫
妖,妖媚熟母
龜,龜兒子,龜孫子,龜公,龜頭,龜投
矯,矯健的馬努爾
龟,龟儿子,龟头
龙,龙 虎 门,龙新民
經,經文,經血
龐,龐建國
嘻,嘻游中国
妹,妹妹骚图,妹妹阴毛
廣,廣聞
西,西藏314事件,西藏之声,西藏自由,西哈努克,西藏独立,西藏分裂,西洋美女,西藏天葬,西藏獨,西藏国
摇,摇头玩,摇头丸
廢,廢墟守護者
無,無界瀏覽器,無碼電影,無碼H漫,無毛穴
綿,綿恒
徐,徐向前,徐光春,徐國舅,徐才厚
網,網禪,網特
荷,荷兰国际广播电台中文网
赫,赫鲁晓夫
三,三去車侖工力,三班仆人派,三个呆婊,三個代表,三个代婊,三去车仑,三民主义,三級片,三唑仑,三陪女,三八淫,三K黨,三P
路,路透社
疯,疯狂抽送,疯狗
跨,跨下呻吟
F,Freetibet,FALUNDAFA,FREECHINA,FREENET,FA轮,FALUN,FALU,Fuck,FUCK
冰,冰毒卖枪支弹药,冰毒,冰後,冰粉
浴,浴室乱伦,浴室自拍,浴尿
埃,埃裏克蘇特勤,埃斯萬
讓,讓你操
修,修煉
子,子女任职名单,子宮
V,VOACHINESE
關,關卓中
孙,孙逸仙,孙中山,孙文
庆,庆红
计,计牌软件,计生委
军,军长发威,军国主义,军妓
俞,俞正声
经,经济社会理事会,经社理事会,经典炮图,经济日报
f,falundafahao,fulankelin,freechina,falundafa,falungong,freedom,freenet,fa轮,falun,fuck,falu
歇,歇逼
基,基地组织,基督教
摸,摸你鶏巴,摸咪咪,摸阴蒂
疆,疆独
殺,殺你一家,殺你全家,殺人犯
孫,孫中山,孫大千
闷,闷骚
乔,乔石
册,册那娘餓比
再,再奸
v,voachinese
党,党主席,党中央
内,内幕第28期,内射美妇,内射,内幕
高,高校群体事件,高校骚乱,高丽棒子,高麗棒子,高潮集锦,高潮白浆,高清性愛,高薪養廉,高校暴乱,高级逼,高自聯,高丽朴,高文谦,高自联,高治联,高文謙,高俊
示,示威
抠,抠穴
騷,騷棒,騷逼,騷卵,騷鶏,騷棍,騷浪,騷B
社,社會主義,社科院
护,护士诱惑
清,清晰内射
届,届中央政治局委員
屌,屌女也,屌人也,屌你,屌西,屌妳,屌七,屌他,屌鸠,屌她,屌毛,屌我,屌7
抽,抽你丫的,抽插,抽头
屎,屎妳娘,屎你娘
屁,屁眼
顔,顔清標,顔慶章,顔射
輕,輕舟快訊
屄,屄屄特写,屄毛,屄屄
花,花样性交,花花公子
輪,輪大,輪功,輪奸
山,山本五十六,山口組
缔,缔顺
1,1999亚太新新闻,16dy-图库,18摸,18禁,16大
港,港澳办,港独
温,温总理,温家宝,温假饱,温加宝,温家饱,温家保
屠,屠杀,屠殺
抑,抑制剂
投,投毒杀人
A,Atan的移动石,ATAN的移动石,Arqus会议场,AV电影下载,ARQUS会议场,AIORT墓地,Aiort墓地,Alafate,Aluoyue,ASSHOLE,ADMIN,AI滋,Admin,Abian,AIDS,A片,Aids
皮,皮條客
獨,獨立臺灣會,獨裁政治,獨夫,獨裁
布,布雷爾,布萊爾,布莱尔,布雷尔,布什
热,热比娅,热那亚
希,希望之声国际广播电台,希望之声,希特勒,希拉克
遠,遠志明
忽,忽然1周
Q,QIANGJIAN
周,周六性吧,周鋒鎖,周恩来,周总理,周健康,周小康,周恩來,周守訓,周永康
是,是鸡
獸,獸交
情,情色艺术天空,情色五月,情色天崖,情色导航,情色文学,情婦,情獸
遺,遺精
快,快乐AV
帝,帝國主義,帝国主义,帝顺
鷹,鷹眼派氏族
遲,遲鈍的圖騰
a,anbeijinsan,asshole,aomaer,aobama,annan,admin,ai滋,aids
星,星岛日报消息,星岛环球网,星岛日报
欢,欢欢娱乐时空,欢乐性今宵
隱,隱者之路
惹,惹火自拍,惹火身材
紧,紧缚凌辱,紧穴
易,易丹軒
q,qiangjian
昏,昏迷圖騰,昏药
蜜,蜜洞,蜜穴
臀,臀浪
姬,姬勝德
達,達夫警衛兵,達夫侍從,達癩
昆,昆圖
裸,裸露自拍,裸体少妇,裸陪,裸聊,裸欲
常,常受教,常勁
呆,呆卵
沃,沃尔开西
月,月经不调,月经,月經
乱,乱伦熟女网,乱交
裹,裹本
錢,錢國梁,錢其琛,錢達
豪,豪乳
沉,沉睡圖騰
墨,墨索里尼
數,數據中國
操,操你八辈祖宗,操那嗎逼,操你妈屄,操穴喷水,操那嗎比,操你爺爺,操B指南,操那嗎B,操你妈,操母狗,操７８,操逼毛,操人也,操女也,操他妈,操妳妈,操她妈,操七八,操你媽,操ＧＹ,操他,操烂,操比,操林,操屄,操穴,操逼,操死,操她,操你,操尼,操鶏,操肿,操爽,操黑,操我,操妳,操射,操妻,操gm,操XX,操78,操gM,操Gm,操GM,操GY,操b
朝,朝天穴
鲍,鲍威尔,鲍岳桥
罂,罂粟
敬,敬国神社
售,售软件,售ID
粉,粉飾太平,粉红穴,粉屄,粉穴
輿,輿論反制,輿論
唐,唐柏橋,唐家璇
本,本土无码,本?拉登,本拉登
系,系統公告
精,精液榨取,精液浴
劳,劳动保障部,劳+教+所
吹,吹喇叭,吹箫,吹萧
筹,筹码
虎,虎门,虎骑
教,教養院
虐,虐奴
燕,燕玲论坛
机,机八,机巴,机芭,机掰,机叭,机Ｙ,机8,机Y
處,處女膜
朱,朱溶剂,朱容基,朱溶劑,朱总理,朱镕基,朱狨基,朱容鸡,朱鳳芝,朱熔基,朱立倫,朱德
騎,騎你
虛,虛無的飽食者,虛弱圖騰
回,回族人吃猪肉,回民都是猪,回民吃猪肉,回民暴動,回民是猪,回民暴动,回良玉,回教,回回
钻,钻插
四,四川独立,四川獨立,四人帮,四人幫,四川獨
钱,钱其琛
L,LIHONGZHI
猥,猥琐,猥褻,猥亵
窝,窝窝客
盛,盛華仁
盜,盜竊犯
絕,絕望之地
监,监禁陵辱
撸,撸管子
盗,盗窃犯,盗撮
交,交清电子报,交换夫妻,交媾
袭,袭近平
国,国家发展与改革委员会,国家发展和改革委员会,国际广播的电视节目,国内动态清样,国内动态详情,国家主要部委,国防科工委,国民党万岁,国家民委,国务委员,国语日报,国产骚货,国际法院,国产嫖娼,国家主席,国产偷拍,国产无码,国民党,国防部,国安局,国务院,国管局,国产AV
被,被立王,被插
御,御の二代目
監,監視塔哨兵隊長,監視塔哨兵,監視塔
钓,钓鱼岛不属于中国,钓鱼台,钓鱼岛
論,論壇管理員
l,laichangxing,liubocheng,liuyunshan,liruihuan,lidenghui,lilanqing,luxiulian,lihongzhi,liushaoqi,likeqiang,lingjihua,lidazhao,lianzhan,liulijun,liening,linbiao,lidashi,linken,lipeng,luogan,liusi,liuqi,ligen,laola,luyi
盧,盧西德,盧卡
针,针孔偷拍
相,相奸
統,統獨論壇,統戰,統獨
春,春夏自由論壇,春光外泻
渣,渣波波
河,河殇,河殤
呼,呼喊派
鹿,鹿城娱乐
賈,賈育台,賈廷安
赤,赤裸天使,赤色戰士,赤色騎士,赤匪,赤裸
卡,卡斯特罗
占,占领中环,占中
掰,掰穴皮卡丘,掰穴打洞,掰穴
破,破处
莫,莫索里尼,莫偉强
漢,漢奸
卫,卫生部
卵,卵子
穆,穆罕默德,穆斯林
莲,莲花逼
调,调教虐待,调教性奴
積,積克館
足,足脚交
翘,翘臀嫩穴,翘臀嫩逼
穷,穷逼
穴,穴海,穴图,穴爽,穴淫
十,十年动乱石进,十八摸
排,排泄
漏,漏逼
賓,賓周
漁,漁夫菲斯曼
华,华国锋张德江,华人今日网,华尔街日报,华富财经,华建敏,华国锋
僵,僵賊民,僵贼民,僵賊
砍,砍翻一條街
南,南大自由論壇,南早中文网,南洋视界,南华早报,南蛮子,南蠻子,南联盟,南蛮
卖,卖国求荣,卖党求荣,卖财富,卖毒品,卖.国,卖号,卖逼,卖淫,卖比,卖身,卖ID,卖QQ,卖B
7,77bbb
莖,莖候佳陰
恋,恋孕
押,押大
博,博客大赛网站,博讯网,博谈网,博訊,博讯
藏,藏青会,藏妇会,藏独
崗,崗哨士兵
G,GAMEMASTER,GameMaster,GRUEPIN,Gruepin,GAN你,G八,G掰,G叭,G芭,G巴,GCD
酱,酱猪媳
懒,懒教
萨,萨马兰奇,萨达姆
W,WEB战牌,WEB牌戰,WSTAIJI,WANGCE,WEBZEN
萬,萬維讀者論壇,萬曉東,萬潤南,萬里
能,能樣
酥,酥胸诱惑,酥穴,酥痒
测,测绘局
懂,懂文华
鬧,鬧事
髑,髑屙民
鬥,鬥士哈夫拉蘇,鬥士霍克
g,gongchandang,guobaxiong,gaolipiao,gan你,guojia,g点,g片
酒,酒店援交
廖,廖錫龍
Z,ZHENSHANREN,ZHENGJIAN
藥,藥材商人蘇耐得,藥水
牛,牛头马面,牛博网,牛泪
独,独立台湾会,独立
给,给你爽
萊,萊特
胡,胡總書記,胡总书记,胡錦滔,胡紧掏,胡锦淘,胡主席,胡耀邦,胡乔木,胡锦涛,胡景濤,胡景涛,胡惊涛,胡志明,胡緊掏,胡紧套,胡紧涛,胡錦淘,胡喬木,胡瘟,胡XX
w,wanghongwen,wanglequan,wangqishan,woerkaixi,wenjiabao,wanglijun,wubangguo,wanggang,wstaiji,wangdan,wangce,weelaa,wuyi,wg
鬼,鬼畜轮奸,鬼輪姦,鬼村
哈,哈爾羅尼
浪,浪女,浪妇,浪臀,浪穴
江,江折民,江贼民,江主席,江独裁,江賊民,江戲子,江八点,江澤慧,江戏子,江八點,江核心,江綿恒,江择民,江猪媳,江泽民,江則民,江Core,江青,江猪,江羅,江賊,江八
比,比樣,比毛
猪,猪聋畸,猪聾畸,猪容基,猪毛1,猪猡,猪毛,猪操
吕,吕秀莲
群,群奸乱交,群奸轮射,群交亂舞,群魔色舞,群阴会,群奸,群P
德,德国之声中文网,德維爾
思,思科羅
巧,巧淫奸戏
吴,吴帮国,吴邦国,吴官正,吴　仪,吴仪
吳,吳敦義,吳方城,吳百益,吳學燦,吳淑珍,吳弘達,吳仁華,吳宏達,吳志芳,吳學璨,吳育升
逼,逼你老母,逼樣,逼痒,逼奸,逼样,逼毛
連,連勝德,連方瑀,連惠心,連勝文,連戰
造,造愛,造反
含,含屌
阳,阳光时务周刊,阳物,阳精,阳具
蝴,蝴蝶逼
鸠,鸠屎
吞,吞精骚妹,吞精
吟,吟稻雁
徒,徒弟会
巨,巨乳俏女医,巨鐵角哈克,巨炮兵团,巨槌騎兵,巨乳素人,巨奶,巨骚,巨屌
蔣,蔣中正,蔣介石
蔡,蔡崇國,蔡啓芳,蔡文胜,蔡英文
羅,羅文嘉,羅福助,羅志明,羅禮詩,羅幹
吗,吗啡片,吗啡碱,吗的,吗啡
鶏,鶏毛信文匯,鶏女,鶏鶏,鶏奸,鶏巴,鶏吧,鶏院,鶏八,鶏8
美,美国有线电视频道,美洲台湾日报,美女吞精,美国之音,美体艳姿,美腿丝足,美乳美穴,美乳斗艳,美女走光,美女成人,美女高潮,美臀嫰穴,美國之音,美國參考,美女祼聊,美國佬,美少妇,美利坚,美国佬,美骚妇,美乳,美幼,美腿,美穴
同,同居万岁,同一教
总,总理,总局
后,后庭
性,性感诱惑,性虎色网,性感肉丝,性爱擂台,性交无码,性战擂台,性愛圖片,性感乳娘,性愛插穴,性交自拍,性交吞精,性爱图库,性高潮,性之站,性交图,性虐待,性交课,性骚扰,性無能,性交易,性奴会,性饥渴,性无能,性乐,性爱,性欲,性佣,性虐,性虎,性息,性事,性奴,性交
猛,猛操狂射,猛插
洪,洪哲勝,洪志,洪傳,洪兴,洪興
學,學生妹,學自聯,學潮,學聯,學運
苹,苹果日报
羞,羞耻母
吃,吃大便,吃鸡巴,吃屎,吃精
猖,猖妓
巴,巴倫侍從,巴倫坦
時,時代論壇,時事論壇
汪,汪东风
B,BlowJobs,BASTARD,Biao子,BanName,BIGNEWS,BLOWJOB,BIAO子,BAO皮,BBC、,Baichi,Bao皮,BAICHI,BIAOZI,BAOPI,Baopi,BOXUN,BI样,BITCH,Bi样,Bitch,B样,BBC
斧,斧头镰刀
吉,吉跋猫
R,RENMINGBAO,RENMINBAO
方,方勵之
要,要色色,要射了
奇,奇淫宝鉴
開,開放雜志,開苞
新,新纪元周刊387期,新唐人电视台网,新唐人电视台,新聞出版總署,新闻出版总署,新疆7.5事件,新台湾新闻,新手訓練營,新闻出版署,新觀察論壇,新華通論壇,新華舉報,新疆分裂,新疆独立,新报网站,新闻管制,新约教会,新華內情,新聞封鎖,新三才,新头壳,新語絲,新纪元,新義安,新疆国,新史记,新疆獨,新生網,新党
好,好色cc,好嫩
b,benladeng,bobaoping,baoweier,bulaier,bastard,boxilai,bignews,banchan,biaozi,bushi,bitch,boxun
她,她妈的金日成,她妈,她媽,她娘
奸,奸夫淫妇,奸淫电车,奸一奸,奸暴,奸你,奸淫,奸幼,奸他,奸她
公,公安部,公教报,公媳乱
文,文物局,文化部,文殊
奴,奴隸魔族士兵,奴隷调教,奴畜抄
奶,奶挺臀翘,奶大屄肥,奶頭
普,普贤
女,女主人羅姬馬莉,女马白勺,女马ㄉ,女马的,女幹,女屄,女干,女尻
透,透视软件
赌,赌马,赌球,赌博
親,親民黨,親美,親日
奥,奥巴马,奥马尔
兩,兩岸三地論壇,兩個中國,兩會新聞,兩會報道,兩岸關係,兩會
奧,奧魯奇,奧利弗,奧拉德,奧特蘭,奧克拉
傅,傅作义,傅作義,傅鹏
伱,伱妈
工,工商时报,工自聯
财,财政部
肥,肥逼
格,格雷(關卡排名管理者),格魯(城鎮移動),格魯
今,今日悉尼
核,核工业基地,核潜艇,核武器
贩,贩毒
他,他马的,他嗎的,他媽的,他干
薑,薑春雲
陰,陰穴新玩法,陰莖,陰蒂,陰唇,陰門,陰水,陰囊,陰部,陰精,陰毛,陰道,陰戶
贱,贱逼
總,總理
陽,陽具,陽物
贾,贾庆林
贺,贺过墙,贺国强,贺龙
心,心灵法门“白话佛法”系列节目
肏,肏屄
以,以茎至洞
肉,肉淫器吞精,肉棍干骚妇,肉感炮友,肉丝裤袜,肉棍子,肉蒲团,肉便器,肉缝,肉逼,肉壶,肉欲,肉唇,肉具,肉穴,肉茎,肉箫,肉沟,肉棒,肉洞,肉壁,肉棍
切,切七
降,降低命中的圖騰
剛,剛比樣子,剛比
陈,陈独秀,陈至立,陈希同,陈水扁,陈晓宁,陈良宇,陈毅,陈云,陈功
明,明星新聞網,明镜新闻,明镜周刊,明报月刊,明星淫图,明慧网,明镜网,明报
肘,肘永康
肛,肛门拳交,肛门喷水,肛交,肛门,肛門,肛屄
傳,傳染性病
伊,伊斯蘭亞格林尼斯,伊斯兰国,伊莎貝爾,伊斯兰,伊斯蘭
贝,贝肉
前,前凸后翘
傻,傻屄,傻吊,傻卵,傻鳥,傻比,傻B
轉,轉化
尖,尖阁列岛
M,MINGHUI,MyRadio,MAI骚,MAKING,Mai骚,MM屄,ML
湯,湯光中
少,少妇偷情,少女被插,少修正
導,導師
小,小泉純一郎,小泉纯一郎,小姐打飞机,小姐兼职,小姐裸聊,小肉粒,小参考,小鶏鶏,小嫩鸡,小參考,小靈通,小比樣,小鸡鸡,小乳头,小弟弟,小B樣,小泉,小逼,小右,小穴,小b
东,东突暴动和独立,东突组织,东亚日报,东方闪电,东热空姐,东北独立,东方日报,东条英机,东亚病夫,东北xx网,东正教,东京热,东伊运,东网,东突
苏,苏家屯
專,專制,專政
項,項懷誠,項小吉
將,將則民
射,射了還說要,射精,射奶,射颜,射爽
拳,拳交
湿,湿身诱惑,湿了,湿穴
封,封印的靈魂騎士,封從德,封殺
转,转法轮
拉,拉姆斯菲尔德,拉姆斯菲爾德,拉皮條,拉登
轮,轮奸内射,轮流干,轮盘赌,轮暴,轮功,轮干,轮奸,轮操
呂,呂秀蓮,呂京花
科,科萊爾
拍,拍肩神药
尹,尹慶民
车,车仑,车臣
英,英文中国邮报,英国金融时报,英雄纪念碑
m,meideweijiefu,mayingjiu,maozedong,mosuolini,mohanmode,mm美图,majiajue,minghui,mandela,mokeer,master,makesi
秘,秘唇,秘裂
带,带套肛交
就,就去色色,就去诱惑,就去日
招,招妓,招鶏
湖,湖岸哨兵隊長,湖岸護衛兵,湖岸警衛兵
苯,苯比
弓,弓虽女干,弓雖
拐,拐卖
尤,尤比亞
赛,赛妳娘,赛他娘,赛她娘,赛你娘
苦,苦劳网
頭,頭領墳墓管理員,頭領奧馬
貝,貝尤爾
鄺,鄺錦文
爱,爱妻淫穴,爱图公园,爱液横流,爱思想,爱幼阁,爱女人,爱色cc,爱液,爱爱,爱滋
舔,舔屁眼,舔鸡巴,舔西,舔脚,舔逼,舔屄,舔B
约,约炮
爽,爽死我了,爽穴
蠢,蠢猪
红,红太阳的陨落,红卫兵
纠,纠察员
韓,韓聯潮,韓東方,韓正
飛,飛揚論壇
晚,晚年周恩來,晚年周恩来
鄭,鄭寶清,鄭運鵬,鄭餘鎮,鄭麗文,鄭源,鄭義
食,食捻屎,食精,食屎
舆,舆论钳制
有,有容奶大
骨,骨獅
舊,舊斗篷哨兵
董,董文华,董贱华,董建华
舌,舌头穴
骑,骑她,骑他,骑你
齊,齊墨,齊諾
瑞,瑞士金融大學
骚,骚妇露逼,骚穴怒放,骚浪美女,骚浪人妻,骚女叫春,骚B熟女,骚妇掰B,骚姐姐,骚姨妈,骚妹妹,骚妻,骚妹,骚乳,骚妈,骚屄,骚穴,骚货,骚水,骚女,骚逼,骚母,骚洞,骚B
不,不爽不要錢,不滅帝王,不玩了
身,身份生成器
爛,爛比,爛袋,爛貨,爛逼,爛B
溫,溫元凱,溫家寶,溫逼,溫比,溫B
葉,葉菊蘭
爆,爆乳人妻,爆乳娘,爆乳,爆草,爆操
骆,骆海坚
錯,錯那嗎逼,錯那嗎比,錯那嗎B,錯比,錯逼,錯B
8,89-64cdjp,8 仙,8仙
愛,愛滋病,愛滋
陆,陆雪琴
先,先奸后杀
李,李肇星务,李月月鳥,李宏志,李紅痔,李老師,李志綏,李磕墙,李洪志,李慶安,李小鵬,李红志,李长春,李慶華,李洪寬,李岚清,李兴平,李克强,李瑞环,李大师,李淑嫻,李登辉,李铁映,李鐵映,李先念,李旺陽,李總理,李總統,李大钊,李蘭菊,李宏旨,李繼耐,李弘旨,李鹏*,李鹏,李錄,李山,李祿
克,克林顿,克勞森,克萊特,克萊恩
郭,郭岩華,郭俊銘,郭伯雄,郭羅基
打,打倒共产党,打飛機
H,Hong Kong Herald.,HRICHINA,H动漫,HACKING,HONGZHI,HUANET
罗,罗　干,罗荣桓,罗干
杀,杀人犯
暴,暴躁的警衛兵靈魂,暴躁的城塔野獸,暴躁的馬杜克,暴熱的戰士,暴風亡靈,暴力虐待,暴徒,暴君,暴淫,暴亂,暴奸,暴动,暴乱,暴乳
杜,杜冷丁,杜鲁门
法,法国国际广播电台,法广新闻网,法十輪十功,法广中文网,法轮大法,法輪大法,法(轮)功,法*轮*功,法謫功,法广网,法爾卡,法轮功,法克鱿,法西斯,法掄功,法輪功,法制办,法~綸,法~輪,法~論,法~倫,法~淪,法謫,法功,法侖,法仑,法愣,法轮,法掄,法淪,法綸
都,都市日报
彈,彈劾
妓,妓院,妓女
X,XINSHENG
哭,哭爸,哭母
嗎,嗎的,嗎啡
泡,泡沫經濟
烂,烂游戏,烂鸟,烂比,烂逼,烂屌,烂屄,烂货,烂B
杨,杨思敏
勾,勾魂少妇
h,heguoqiang,huajianmin,huiliangyu,huzhiming,huyaobang,hujintao,hrichina,huangju,hongzhi,huanet,huimin,helong,h站
郁,郁慕明
来,来爽我,来插我
暗,暗黑法師
鷄,鷄巴
泰,泰奴橋掠奪者,泰奴橋警衛兵
赵,赵紫阳
元,元老蘭提(沃德）
品,品色堂,品香堂,品穴
塞,塞你老师,塞你老母,塞你公,塞你爸,塞你娘,塞你母,塞白
x,xinwenguanzhi,xinjiangduli,xizangduli,xijinping,xinsheng,xucaihou,xiaoquan,xihanuke,xiejiao,xitele,xilake,xiao77
璩,璩美凤
閻,閻明複
肮,肮脏美学
塔,塔利班,塔內,塔烏
烟,烟草局
東,東西南北論壇,東部地下水路,東土耳其斯坦,東南西北論談,東方紅時空,東突獨立,東突暴動,東條英機,東院看守,東北獨立,東方時空,東洋屄,東社,東亞,東條,東升
兽,兽兽门,兽奸,兽交,兽欲
潮,潮喷
許,許信良,許財利,許家屯
追,追查国际
主,主攻指揮官,主场新闻,主神教,主佛,主席,主義
瑪,瑪麗亞,瑪雅
毒,毒龙舔脚
兴,兴奋剂
共,共产主义,共産主義,共榮圈,共産黨,共产党,共青团,共黨,共軍,共党,共狗,共匪,共産
服,服务管理,服务天使
毛,毛主席,毛賊東,毛泽东,毛厠洞,毛一鲜,毛厕洞,毛贼东,毛片,毛盘,毛鲍,毛賊,毛XX
六,六月联盟,六四事件,六四真相,六四运动,六合彩,六。四,六?四,六-四,六.四,六四
靠,靠你媽,靠你妈,靠母,靠腰,靠北
中,中华大陆行政执事站,中華人民實話實說,中国时报新竹分社,中華養生益智功,中国茉莉花革命,中国人权双周刊,中央日报网络报,中國社會進步黨,中央社新闻网,中华电视公司,中國移動通信,中國復興論壇,中國社會論壇,中国成人论坛,中國問題論壇,中華人民正邪,中國真實內容,中国恐怖组织,中華真實報道,中文搜性网,中央電視臺,中国性爱城,中毒的圖騰,中央都是猪,中國威脅論,中欧新闻网,中时电子报,中國共産黨,中國孤兒院,中國論壇,中华民国,中華時事,中国密报,中華民國,中央委员,中國之春,中国之春,中年美妇,中華講清,中華大地,中國和平,中毒圖騰,中国时报,中俄邊界,中華大衆,中华日报,中央社,中國猪,中宣部,中国猪,中央,中共
垃,垃圾游戏
毀,毀滅步兵,毀滅騎士,毀滅射手
全,全范围教会,全國兩會,全能神教,全國人大,全国人大,全能神,全裸
八,八方国际资讯,八九风波,八一东突
入,入穴一游
母,母子奸情,母子交欢,母女双飞,母奸
严,严方军
两,两个中国,两国论
瞞,瞞報
丝,丝袜淫妇,丝袜写真,丝袜足交,丝袜高跟,丝诱
青,青天白日,青年日报
丘,丘垂貞
静,静坐
世,世界以利亚福音宣教会,世界维吾尔大会四人帮,世界新闻媒体网,世界电影(台湾),世界經濟導報,世界新闻网,世界报纸,世界日报,世维会
专,专制,专政
额,额尔德尼
非,非常新闻通讯社
免,免费成人网站,免费偷窥网,免费A片
廉,廉政大論壇
3,33bbb走光,30杂志,3P炮图,365gn,3P
r,renmindahuitang,renmingbao,renminbao,renaya,rivals
下,下流地带,下體
上,上海孤兒院,上海幫,上訪
膏,膏藥旗,膏药旗
诱,诱惑视频,诱色uu,诱惑
万,万维读者网,万维博客,万淫堂,万税
T,Taipei Times,TRIANGLEBOY,TRIANGLE,TIBETALK,The9City,THE9CITY,TRINGEL,Tringel,T.M.D,TAIP,TEsT,TMD
閹,閹狗
丁,丁字裤翘臀,丁香社区,丁关根,丁關根,丁子霖
一,一中一台,一边一国,一党专制,一党专政,一夜性网,一国两制,一本道,一贯道,一陀糞
援,援助交易,援交薄码,援交自拍,援交妹,援交
潘,潘國平
C,CND刊物和论坛,CHINESENEWSNET,CHINALIBERAL,Carrefour,CRESTBONE,Crestbone,CREADERS,CC小雪,CHINAMZ,CNN/NHK,CHA你,Client,C-SPAN,CAO你,CAOBI,CAOB,Cs
木,木子論壇
豐,豐饒的果實
華,華語世界論壇,華通時事論壇,華岳時事論壇,華夏文摘,華建敏
大,大众色情成人网,大纪元新闻网,大衆真人真事,大紀元新聞網,大中國論壇,大東亞共榮,大纪元时报,大中華論壇,大家論壇,大纪元网,大奶美逼,大学骚乱,大胆少女,大麻树脂,大波骚妇,大胆出位,大力抽送,大奶骚女,大波粉B,大紀園,大鶏巴,大衛教,大麻油,大血比,大史紀,大史記,大卫教,大奶媽,大事件,大乱交,大東亞,大參考,大纪元,大奶头,大紀元,大参考,大花逼,大鸡巴,大波波,大血B,大比,大法,大麻,大乳,大逼,大b,大B
稅,稅力
S,SM舔穴,SM援交,SM女王,SAFEWEB,SIMPLE,Server,SUCKER,SAOBI,Suck,SVDC,SUCK,SHIT,SB
蘭,蘭迪
揭,揭批書
税,税务总局
嗑,嗑药
程,程鐵軍,程凱
斯,斯皮爾德,斯諾
c,chinaliberal,chenshuibian,caogangchuan,cao你大爷,chenliangyu,chenzhili,cao你妈,chenduxiu,creaders,chailing,chinamz,chenyun,chenyi,cha你,cao你,c a o,caobi,caoB
扉,扉之阴
雅,雅蠛蝶
插,插入内射,插穴手淫,插那嗎逼,插你爺爺,插那嗎比,插穴止痒,插那嗎B,插后庭,插你妈,插阴茎,插深些,插你媽,插逼,插妳,插他,插阴,插我,插暴,插你,插她,插比,插穴,插Gm,插GM,插gM,插gm,插b
迪,迪裏夏提
菊,菊花蚕,菊花蕾,菊花洞
迫,迫奸
潜,潜烈蟹
陳,陳總統,陳良宇,陳唐山,陳一諮,陳希同,陳學聖,陳破空,陳景俊,陳炳基,陳建銘,陳小同,陳宣良,陳定南,陳水扁,陳博志,陳軍,陳菊,陳蒙
丰,丰唇艳姬,丰乳
北,北大三角地論壇,北美自由論壇,北美中文网,北京當局,北京之春,北京xx网,北韓
潑,潑婦
口,口内爆射,口交放尿,口爆吞精,口淫,口活,口射,口交
离,离长春
澤,澤民,澤夫
禽,禽獸
叫,叫床,叫鸡
辛,辛子陵,辛灝年
可,可待因,可卡叶,可卡因
右,右翼
史,史萊姆王
台,台湾记者协会,台湾共产党,台湾共和国,台独分子,台湾报纸,台湾民国,台湾旺报,台湾独立,台独万岁,台湾帝国,台湾岛国,台湾党,台英社,台湾国,台湾狗,台独,台办,台联
澳,澳洲广播电台中文网,澳大利亚时报澳奇网,澳洲光明网
叶,叶剑英
茉,茉莉花革命,茉莉花
戴,戴维教,戴維教,戴海静,戴相龍,戴红,戴晶
司,司馬璐,司徒華,司馬晋,司法部
戳,戳那嗎比,戳那嗎逼,戳那嗎B,戳你
叼,叼你媽,叼你妈,叼你
参,参事室
戈,戈瑞爾德,戈揚
友,友好的魯德
鮑,鮑戈,鮑彤,鮑伊
反,反封鎖技術,反恐委员会,反腐敗論壇,反革命,反政府,反社會,反封鎖,反人類,反华,反党,反共,反日
达,达赖喇嘛的智慧箴言,达米宣教会,达赖喇嘛,达菲鸡,达赖
煉,煉功
炮,炮友之家
发,发展与改革委员会,发展和改革委员会,发伦功,发抡功,发论功,发论公,发改委,发论,发伦,发票,发轮,发浪
粥,粥健康,粥永康
受,受虐狂
支,支那
叔,叔嫂肉欲
变,变态
我,我要性交,我妳老爸,我就去色,我咧干,我日你,我就色,我操你,我操,我日,我奸
成,成人午夜场,成人自拍,成人导航,成人论坛,成人小说,成人文学,成人软件,成人社区,成人图片,成人电影,成人百强,成人网站,成人影片,成人A片,成人bt
靖,靖國神社,靖国神社
班,班禪,班禅
貫,貫通兩極法
獻,獻祭的圖騰
恐,恐怖主义,恐怖组织,恐怖主義
N,NECKROMANCER,Neckromancer,NAIVE,NACB,NMIS
粮,粮食局
現,現金交易
釣,釣魚島
彭,彭博商业周刊,彭博新闻社,彭丽媛,彭德怀,彭真,彭博
雙,雙十節
丽,丽春苑
淩,淩鋒
金,金融邮报(台湾股网),金槍不倒,金融时报,金毛穴,金正日,金山桥,金正恩,金日成,金堯如,金澤辰
淫,淫の方程式,淫乱诊所,淫声浪语,淫师荡母,淫水涟涟,淫水翻騰,淫语连连,淫水丝袜,淫水四溅,淫亂潮吹,淫丝荡袜,淫欲日本,淫兽学园,淫妻交换,淫欲世家,淫水横溢,淫妇自慰,淫水横流,淫乱熟女,淫乱工作,淫肉诱惑,淫荡贵妇,淫水爱液,淫女炮图,淫色贴图,淫战群P,淫东方,淫驴屯,淫告白,淫浆,淫蜜,淫奴,淫腔,淫液,淫毛,淫女,淫痴,淫靡,淫虫,淫书,淫欲,淫汁,淫母,淫賤,淫亂,淫流,淫洞,淫秽,淫糜,淫浪,淫妹,淫店,淫色,淫穢,淫货,淫妻,淫样,淫湿,淫姐,淫图,淫情,淫逼,淫蕩,淫妞,淫河,淫魔,淫妇,淫虐,淫水,淫貨,淫穴,淫B
蕩,蕩婦,蕩妹
n,nierongzhen,nikesong,napolun,naive,nacb,nmis
采,采花堂
卓,卓伯源
恩,恩格斯
洛,洛克菲爾特
野,野外性交,野鶏
重,重口味
里,里根,里番
深,深爱色色
亲,亲民党
紅,紅炎猛獸,紅色恐怖,紅燈區
皇,皇軍
軍,軍妓
裙,裙内偷拍,裙下风光
納,納粹
娘,娘餓比
鸟,鸟GM,鸟Gm,鸟gM,鸟gm
鑫,鑫报e乐网
威,威而钢,威而柔
諾,諾姆
裏,裏菲斯
素,素人娘
謝,謝選駿,謝中之,謝長廷,謝深山
講,講法
擇,擇民
嚴,嚴家其,嚴家祺
擊,擊傷的圖騰,擊倒圖騰
鸡,鸡巴暴胀,鸡叭,鸡芭,鸡奸,鸡歪,鸡掰,鸡巴,鸡吧,鸡８,鸡Ｙ,鸡八,鸡Y
鸦,鸦片液,鸦片渣,鸦片
s,shanbenwushiliu,sex聊天室,sunzhongshan,songchuyu,sunyixian,samalanqi,sm调教,sidalin,safeweb,saqieer,sucker,sunwen,system,sadamu,saobi,svdc,sf
陸,陸委會
凌,凌辱
9,999日本妹,97sese
海,海洛因,海洋局
搖,搖頭丸
制,制服誘惑,制服美妇,制服狩
寂,寂寞自摸
寇,寇晓伟
密,密室淫行,密穴贴图,密穴,密洞
I,INCEST,ISis,Isis,ISIS,ISIs,ISIL
胸,胸濤乳浪,胸推
令,令计划
假,假阳具插穴,假青林,假庆林
富,富兰克林
你,你說我說論壇,你爷爷的,你媽了妹,你妈了妹,你媽逼,你妈的,你老母,你媽的,你老味,你妈逼,你媽比,你媽
由,由喜貴
甲,甲庆林
做,做爱姿势,做爱图片,做爱自拍,做爱电影,做愛
走,走向圆满,走光偷拍
阿,阿鲁纳恰尔邦,阿波罗新闻网,阿拉法特,阿弥陀佛,阿扁萬歲,阿波罗网,阿扁万岁,阿萊娜,阿罗约,阿扁
尉,尉健行
男,男女交欢,男女蒲典
防,防衛指揮官
档,档案局
胯,胯下呻吟
阴,阴茎插小穴,阴阜高耸,阴道图片,阴部特写,阴小撕大,阴户,阴水,阴道,阴部,阴唇,阴毛,阴门,阴缔,阴蒂,阴屄,阴茎,阴阜,阴核,阴精
灵,灵仙真佛宗,灵灵派,灵灵教
列,列宁
体,体奸
何,何候华
i,incest,islam,isil,isis
余,余英時
佛,佛展千手法,佛祖
作,作愛,作爱
刘,刘少奇,刘云山,刘延东,刘　淇,刘伯承,刘军,刘淇
分,分隊長施蒂文,分裂中国,分裂祖国
催,催情药
赖,赖昌星
寶,寶石商人
阝,阝月
y,yuzhengsheng,yuyongkang,yalishanda,yujiankang,yaowenyuan,yumuming,yisilan,yuming
桃,桃园蜜洞
偷,偷拍美穴,偷窥视频,偷窥图片,偷精
生,生命力公益新闻网,生命分流的圖騰,生孩子沒屁眼,生奸内射,生徒胸触,生鸦片
儂,儂著岡巒,儂著卵拋
貞,貞操
梵,梵蒂冈亚洲新闻通讯社,梵蒂冈广播电台
撅,撅起大白腚
雪,雪山狮子旗,雪腿玉胯
意,意志不堅的圖騰
楊,楊懷安,楊建利,楊月清,楊周,楊巍
耻,耻辱轮奸
挨,挨球
雷,雷尼亞
零,零八宪章
電,電視流氓
耶,耶和华,耶苏
婊,婊子養的
集,集体性爱,集体淫
費,費良勇,費鴻泰
懷,懷特
老,老少乱伦,老ＧＹ,老毛子,老虎机,老逼,老GY
古,古龍祭壇,古柯碱
按,按摩棒
勞,勞動教養所,勞教,勞改
梅,梅德韦杰夫,梅花屄,梅花网,梅毒
持,持不同政見
章,章孝嚴
動,動亂
耐,耐艹
指,指點江山論壇
雜,雜種
車,車侖女幹,車侖
驶,驶你老母,驶你老师,驶你娘,驶你爸,驶你母,驶你公
D,DAJIYUAN,Discuss,DISHUN,Dishun,DiShun,DICK,DAFA,Dick,DFDZ,DAMN,DPP,DJY
碧,碧香亭
碎,碎片製造商人馬克,碎片製造商人蘇克
慶,慶紅
和,和锅枪
2,21世纪中国基金会
颜,颜射自拍,颜射,颜骑
石,石拳戰鬥兵,石化圖騰
慰,慰安妇,慰春情
狡,狡猾的達夫
马,马卖马屁,马拉戈壁,马勒戈壁,马祖日报,马英九,马加爵,马白勺,马克思
留,留园网
風,風雨神州論壇,風雨神州
妈,妈卖妈屁,妈白勺,妈批,妈比,妈逼,妈B
色,色狐狸网址,色情小电影,色色五月天,色情论坛,色狼小说,色色成人,色情服务,色狼论坛,色色婷婷,色情工厂,色情电影,色书库,色窝窝,色迷城,色97爱,色界,色区,色色,色猫,色诱,色撸
艳,艳妇淫女,艳舞淫业,艳情小说,艳乳
蒙,蒙古達子,蒙古鞑子,蒙古达子,蒙古独立,蒙古獨立,蒙尘药,蒙古獨,蒙独,蒙獨
d,dengxiaoping,dalailama,dajiyuan,dulumen,dishun,dalai,dafa,dick,dfdz,damn,dang
滾,滾那嗎老比,滾那嗎錯比,滾那嗎瘟比,滾那嗎B,滾那嗎
神,神通加持法,神經病,神经病,神汉
狗,狗娘养的,狗娘養的,狗操卖逼,狗狼養的,狗雜種,狗卵子,狗屁,狗養,狗干,狗屎,狗卵,狗誠,狗操,狗b
t,taiwanduli,tiananmen,triangle,tibetalk,txwsWind,taobao,taidu,teen,taip,tmd
蒋,蒋中正,蒋经国,蒋介石
辅,辅助程序
狂,狂操你全家,狂乳激揺,狂操,狂插
滥,滥情
蒂,蒂顺
鋸,鋸齒通道被遺弃的骷髏,鋸齒通道骷髏
喬,喬伊,喬石
早,早泄
极,极品白虎,极品黑丝,极品波神,极品波霸,极品奶妹
１,１８歲淫亂
太,太子党,太阳报,太陽報
日,日內瓦金融,日本AV女优,日本帝國,日本熟母,日本有码,日你爺爺,日本灌肠,日本素人,日本骚货,日本RING,日他娘,日你媽,日死你,日你娘,日你妈,日X妈,日屄,日逼,日你,日死,日軍,日GM,日gm,日Gm,日gM
天,天安門錄影帶,天安門事件,天安門一代,天父的儿女,天安门事件,天安門屠殺,天眼日报社,天天干贴图,天下杂志,天天情色,天皇陛下,天安門,天閹,天藏
无,无界浏览器,无毛美少女,无码炮图,无码淫女,无套自拍,无码彩图,无码淫漫,无码无套,无码丝袜,无套内射,无码长片,无码体验,无码精选,无码做爱,无帮过,无修正,无帮国,无邦国,无码
林,林保華,林正勝,林信義,林長盛,林重謨,林佳龍,林业局,林彪
失,失禁
艾,艾森豪威尔,艾麗絲,艾滋病
旺,旺报
观,观察者网,观音法门
喷,喷精
处,处女开包
撒,撒切尔
旅,旅馆自拍,旅游局
熱,熱站政論網,熱比婭
善,善惡有報
枪,枪决现场,枪支弹药,枪决女犯
鎮,鎮壓
外,外交與方略,外交論壇,外—挂,外专局,外　挂,外交部,外\\挂,外-挂,外/挂,外_挂,外挂
多,多维新闻网,多维观世音,多维新闻,多人性愛,多维网,多人轮
夜,夜話紫禁城
岡,岡巒
黃,黃金幼龍,黃義交,黃慈萍,黃伯源,黃劍輝,黃仲生,黃菊,黃翔,黃禍,黃片
臺,臺灣青年獨立聯盟,臺灣建國運動組織,臺灣自由聯盟,臺灣政論區,臺灣共産黨,臺灣帝國,臺灣民國,臺灣獨立,臺灣狗,臺灣獨,臺盟
坐,坐台的
黄,黄色小电影,黄金圣水,黄色电影,黄　菊,黄大仙,黄菊,黄盘,黄祸
买,买卖枪支,买毒品,买春堂,买财富,买春
黎,黎阳评
镇,镇压
乳,乳此动人,乳此丝袜,乳波臀浪,乳此丰满,乳爆,乳峰,乳头,乳交,乳霸,乳房,乳射,乳尻,乳波,乳頭
黑,黑手黨,黑手党,黑社会,黑毛屄,黑社會,黑逼,黑屄
臭,臭化西,臭人也,臭鸡巴,臭ＧＹ,臭７８,臭女也,臭机八,臭七八,臭妳,臭机,臭她,臭西,臭78,臭GY
自,自由民主論壇,自由欧洲电台,自由民主论坛,自由亚洲电台,自已的故事,自由新闻报,自拍美穴,自制手枪,自立晚报,自杀指南,自插小穴,自慰抠穴,自杀手册,自治机关,自由时报,自民黨,自民党,自慰,自焚
嫖,嫖妓指南,嫖娼
默,默罕默德,默克尔
习,习仲勋,习近平,习远平,习大大
嫐,嫐屄
空,空虛的伊坤,空虛之地,空氣精靈,空姐性交
欽,欽本立
尾,尾申鲸
嫩,嫩穴肉缝,嫩鲍鱼,嫩奶,嫩穴,嫩鲍,嫩逼,嫩屄,嫩缝,嫩女,嫩BB,嫩b,嫩B
览,览叫
装,装屄
游,游戏发奖员,游蕩的僵尸,游戲管理員,游戏管理员,游戏宫理员,游蕩的士兵,游蕩爪牙,游錫坤,游行
欲,欲火焚身,欲仙欲死,欲仙欲浪
婬,婬乱军团
乌,乌克兰分离
央,央視內部晚會
蠼,蠼毵
欠,欠人骑,欠操,欠干,欠骑,欠日
白,白虎小穴,白浆四溅,白液四溅,白虎少妇,白话佛法,白嫩骚妇,白虎阴穴,白虎嫩B,白立樸,白莲教,白皮書,白粉,白夢
發,發掄功,發正念,發論功,發論公,發倫功,發掄,發騷,發論,發倫,發輪
登,登輝
発,発妻,発射
長,長官沙塔特
出,出售此号,出售枪支,出售手枪,出售假币,出售账号,出售神符
凸,凸女也,凸人也,凸肉优,凸她,凸妳,凸他,凸我,凸你
宇,宇明網
安,安倍晋三,安非他命,安全局,安南,安拉
凱,凱奧勒尼什,凱爾雷斯,凱特切爾,凱爾本
宋,宋楚瑜,宋書元,宋祖英
完,完蛋操
痴,痴乳,痴鳩,痴拈
侦,侦探设备
宗,宗教
官,官逼民反,官商勾结
橋,橋侵襲兵
鐘,鐘山風雨論壇
双,双语学生邮报,双峰微颤,双龙入洞
侨,侨办
实,实际神
熟,熟妇骚器,熟女颜射,熟妇人妻,熟女乱伦,熟女护士,熟妇,熟母,熟女
尼,尼克松,尼奧夫,尼玛
客,客家电视台,客戶服務
倭,倭寇,倭国
倪,倪育賢
倫,倫功
妩,妩媚挑逗
*,*李*洪*志*阿扁,*法*轮*功*
超,超毛大鲍,超ＧＹ,超７８,超人也,超女也,超七八,超他,超你,超GY,超78
脚,脚交
趙,趙紫陽,趙曉微,趙海青,趙品潞,趙建銘,趙南
粗,粗制吗啡
夫,夫妻床上激情自拍,夫妻俱乐部,夫妻自拍,夫妻乱交,夫妻多p,夫妻3p
侍,侍從貝赫爾特,侍從倫斯韋
趕,趕你娘
宾,宾馆女郎,宾周
战,战牌
笨,笨逼,笨蛋,笨屄
邢,邢錚
馒,馒头屄
近,近親相姦,近亲相奸
连,连続失禁,连战
迟,迟浩田
远,远程偷拍
J,JIAOCHUANG,JIAOCHUN,JIAN你,Ji女,JI女,JIBA,JINV,JB
香,香港独立媒体,香港经济日报,香港商报,香港报纸,香港人网,香港电台
濫,濫比,濫貨,濫交,濫逼,濫B
硬,硬直圖騰,硬挺
田,田紀雲,田纪云
草,草的你妈,草你妈,草拟妈,草擬媽,草你媽,草泥马,草你,草榴,草妈
荊,荊棘護衛兵
去,去你媽的,去你妈的,去妳妈,去她妈,去妳的,去你的,去他妈
扒,扒穴,扒屄
迷,迷奸系列,迷幻药,迷奸药,迷魂药,迷歼药,迷奸,迷药
激,激情小电影,激情贴图,激情潮喷,激凸走光,激情小说,激情交友,激情聊天,激情电影,激情裸体,激情打炮,激插
j,jiangzhongzheng,jiangjingguo,jinricheng,jiaochuang,jiangzemin,jiaqinglin,jinzhengri,jiangqing,jiaochun,jian你,jiba,jinv,j8,jb
濕,濕了還說不要,濕了還說要
管,管里
厕,厕所盗摄,厕所偷拍,厕奴
馬,馬英九,馬克思,馬良駿,馬三家,馬永成,馬時敏,馬特斯,馬大維
手,手淫
馮,馮素英,馮東海
z,zhoujiankang,zengqinghong,zhangdejiang,zhouyongkang,zhouxiaokang,zhaoziyang,zhanggaoli,zengpeiyan,zhengjian,zhouenlai,zhurongji,zhenzhu,zhude
扎,扎卡维是英雄,扎卡維是英雄,扎卡维
荡,荡妇,荡女
原,原住民族电视台,原子能机构,原味丝袜
曹,曹長青,曹刚川,曹剛川,曹政
邪,邪教
蛩,蛩鼽
曼,曼德拉
头,头条日报
曾,曾庆红,曾培炎
曰,曰你,曰gm,曰GM,曰gM,曰Gm
曲,曲线消魂
那,那嗎老比,那娘錯比,那嗎瘟比,那嗎錯比,那嗎逼,那嗎B
更,更生日报
气,气象局
吸,吸收的圖騰,吸精少女,吸血獸,吸毒,吸精
民,民众电子报,民间电台,民主中国,民意論壇,民进党,民進黨,民航局,民主墻,民主党,民主潮,民陣,民聯,民运
咬,咬着龟头
咪,咪咪图片
氵,氵去車侖工力?,氵去車侖工力,氵去
水,水去车仑,水利部
干,干妳老母,干你妈逼,干你妈B,干你妈b,干死你,干他妈,干她妈,干七八,干７８,干妳妈,干你妈,干人也,干一干,干拎娘,干你娘,干妳娘,干ＧＹ,干的爽,干女也,干您,干入,干死,干她,干穴,干机,干妳,干啦,干你,干干,干爆,干牠,干它,干鸡,干林,干勒,干汝,干尼,干爽,干78,干GM,干GY,干Gm,干gm,干gM,干X
5,55sss偷拍区
幹,幹你老比,幹你老母,幹全家,幹死你,幹你娘,幹幹幹,幹的你,幹一家,幹你,幹逼,幹死,幹炮,幹比,幹砲,幹她,幹他,幹bi
私,私人服务器,私—服,私\\服,私?服,私/服,私-服,私處
堕,堕淫
幼,幼香阁,幼交,幼男,幼妓,幼逼,幼圖,幼齿,幼齒,幼女,幼龍
Y,YUMING
姚,姚月謙,姚文元,姚羅
E,Engadget中文网,EVENT
護,護法
議,議員斯格文德,議長阿茵斯塔
煞,煞逼,煞笔,煞筆
轴,轴永康
风,风骚欲女,风骚淫荡,风流岁月,风艳阁
U,UltraSurf,ULTRASURF,USTIBET,UNIXBOX
噴,噴你,噴精
警,警匪一家,警奴
e,eerdeni,engesi
Ｕ,ＵＲ
緣,緣圈圈
真,真主安拉,真理教,真善忍
Ｘ,Ｘ到噴屎尿
拔,拔屄自拍,拔出来,拔屄
电,电监会
姫,姫辱
穿,穿越浏览器
看,看中国专栏,看中國
u,urban-rivals,unixbox,ustibet,urban
Ｇ,Ｇ芭,Ｇ叭,Ｇ巴,Ｇ掰,Ｇ八
姣,姣西
搞,搞栗棒
姦,姦淫,姦染
